,0
고백,장범준
Permission to Dance,방탄소년단
좋아좋아,조정석
Weekend,태연 (TAEYEON)
지금 말해볼게요 (낮에 뜨는 달 X 거미),거미
바라만 본다,MSG워너비(M.O.M)
신호등,이무진
넌 좋은 사람,SG워너비
Next Level,aespa
Bad Habits,Ed Sheeran(에드 시런)
Butter,방탄소년단
나비가 날았습니다,김민석 (멜로망스)
Alcohol-Free,TWICE (트와이스)
비와 당신,이무진
하루만 더,빅마마(Big Mama)
치맛바람 (Chi Mat Ba Ram),브레이브걸스(Brave Girls)
뚫고 지나가요,DAY6 (Even of Day)
난 너를 사랑해,MSG워너비
Dun Dun Dance,오마이걸(OH MY GIRL)
비 오는 날 듣기 좋은 노래 (Feat. Colde),에픽하이 (EPIK HIGH)
밤이 되니까,원슈타인
운전만해 (We Ride),브레이브걸스(Brave Girls)
Stay,The Kid LAROI
헤픈 우연,헤이즈(Heize)
롤린 (Rollin'),브레이브걸스(Brave Girls)
나를 아는 사람,MSG워너비(정상동기)
"Peaches (feat. Daniel Caesar, Giveon)",Justin Bieber(저스틴 비버)
ASAP,STAYC(스테이씨)
상상더하기,"MSG워너비 TOP 8 (별루지, 김정수, 강창모, 정기석, 이동휘, 이상이, 박재정, 원슈타인)"
다시 사랑할 수 있을까,백지영
안녕 (Hello),조이 (JOY)
가을 우체국 앞에서,김대명
한여름밤의 꿀 : 다시 여름,San E(산이)
Dynamite,방탄소년단
라일락,아이유(IU)
Celebrity,아이유(IU)
벌써 일년,브라운 아이즈(Brown Eyes)
오르막길,정인
OHAYO MY NIGHT,디핵(D-Hack)
나는 너 좋아,장범준
해야 해,2PM
Leave Before You Love Me,Marshmello(마시멜로)
Loving You Girl (feat. Hkeem),Peder Elias
WE GO,프로미스나인
추적이는 여름 비가 되어,장범준
Kiss Me More (feat. SZA),Doja Cat(도자 캣)
Off My Face,Justin Bieber(저스틴 비버)
Black Mamba,aespa
Timeless,SG워너비
내 입술 따뜻한 커피처럼,청하
러브 (Prod. 로코베리),로꼬
Save Your Tears (Remix),The Weeknd(위켄드)
내 손을 잡아,아이유(IU)
Hello Future,NCT DREAM
Piano Man,황린
어푸 (Ah puh),아이유(IU)
좋을텐데 (If Only) (Feat. 폴킴),조이 (JOY)
밤하늘의 별을(2020),경서
Champagne Supernova,기탁
Tiny Riot,Sam Ryder
삠삠 (BEAM BEAM),전소연
Dolphin,오마이걸(OH MY GIRL)
Blueming,아이유(IU)
에잇(Prod.&Feat. SUGA of BTS),아이유(IU)
마.피.아. In the morning,ITZY (있지)
우리집,2PM
흔들리는 꽃들 속에서 네 샴푸향이 느껴진거야,장범준
"사이렌 Remix (Feat. UNEDUCATED KID, Paul Blanco)",호미들
Savage Love (Laxed - Siren Beat) (BTS Remix),Jawsh 685
Coin,아이유(IU)
On The Ground,로제(ROSÉ)
작은 것들을 위한 시 (Boy With Luv) (Feat. Halsey),방탄소년단
Lovesick Girls,BLACKPINK
Life Goes On,방탄소년단
다정히 내 이름을 부르면,경서예지
Little By Little,정인
해바라기,SG워너비
Break My Heart Myself (feat. Travis Barker),Bebe Rexha(비비 렉사)
라라라,SG워너비
허리춤,오반 (OVAN)
Way Back Home (2021),런치
Leave The Door Open,Bruno Mars(브루노 마스)
내사람: Partner For Life,SG워너비
Ashes,Stellar
멜로디,ASH ISLAND
커플,오하영 (에이핑크)
아로아로,라붐(LABOUM)
parachute,John K
2002,Anne-Marie(앤 마리)
"어떻게 이별까지 사랑하겠어, 널 사랑하는 거지",AKMU (악동뮤지션)
"모든 날, 모든 순간 (Every day, Every Moment)",폴킴(Paul Kim)
잠이 오질 않네요,장범준
At My Worst,Pink Sweat$
아직 널 사랑하는 이유야,버블 시스터즈(Bubble Sisters)
"LOVE DAY (2021) (바른연애 길잡이 X 양요섭, 정은지)",양요섭
Beautiful Mistakes,Maroon 5(마룬 파이브)
난 괜찮아,빈센트
Tocar Vocę,변정호
Break Away,빅마마(Big Mama)
